Number,Message,1st Follow Up,2nd Follow Up,3rd Follow Up,4th Follow Up
+91 89109 98321,"Hi, following up on our previous conversation.","I wanted to circle back on our previous conversation. We can help you achieve your goals faster.

Are you available for a quick call this week?","I am checking in again regarding our last chat. Our solution is designed to save you time and effort.

Can I send you more details?","I know you are busy but I wanted to follow up. We have seen great results with teams like yours.

Would you be open to a brief chat tomorrow?","This will be my last email for now. I would love to show you how we can add value.

Is this something you are still interested in?"
+91 91238 61722,Just checking in to see if you had any questions.,"I am following up to see if you had any questions. Our team is ready to assist you with the next steps.

Are you available for a quick call this week?","I wanted to reach out again in case you needed more information. We make the process simple and easy for you.

Can I send you more details?","I hope you are having a great week. I am here to help clarify any doubts you might have.

Would you be open to a brief chat tomorrow?","I will not take up much more of your time. I want to make sure you have everything you need.

Is this something you are still interested in?"
+91 62897 77075,Wanted to share this new resource with you.,"I hope you found the new resource helpful. It is packed with insights to help you grow.

Are you available for a quick call this week?","I am checking in to see what you thought of the resource. Many find it very useful for their strategy.

Can I send you more details?","I wanted to follow up on the material I shared. We can help you implement these ideas easily.

Would you be open to a brief chat tomorrow?","I will leave you to it for now. I hope the resource brings you great value.

Is this something you are still interested in?"